DYN-01	f
DYN-02	f
DYN-03	m
DYN-04	f
DYN-05	m
DYN-06	f
DYN-07	m
DYN-08	m
DYN-09	m
DYN-10	f
DYN-11	m
DYN-12	f
DYN-13	m
DYN-14	f
DYN-15	f
DYN-16	m
DYN-17	f
DYN-18	f
DYN-19	m
DYN-20	m
DYN-21	m
DYN-22	m
DYN-23	f
DYN-24	f
DYN-25	m
DYN-26	f
DYN-27	f
DYN-28	m
DYN-29	f
DYN-30	m
DYN-31	f
DYN-32	f
DYN-33	m
DYN-34	m
DYN-35	m
DYN-36	f
DYN-37	f
DYN-38	m
DYN-39	m
DYN-40	f
DYN-41	m
DYN-42	f
DYN-43	f
DYN-44	f
DYN-45	m
DYN-46	f
DYN-47	m
DYN-48	m
DYN-49	f
DYN-50	m
DYN-51	m
DYN-52	f
DYN-53	f
DYN-54	m
DYN-55	f
DYN-56	m
DYN-57	f
DYN-58	m
DYN-59	f
DYN-60	m
DYN-61	f
DYN-62	f
DYN-63	m
DYN-64	f
DYN-65	m
DYN-66	m
DYN-67	m
DYN-68	f
DYN-69	f
DYN-70	m
DYN-71	m
DYN-72	f
DYN-73	f
DYN-74	f
DYN-75	m
DYN-76	m
DYN-77	f
DYN-78	m
DYN-79	f
DYN-80	m
DYN-81	m
DYN-82	f
DYN-83	f
DYN-84	m
DYN-85	f
DYN-86	m
DYN-87	f
DYN-88	f
DYN-89	m
DYN-90	m
DYN-91	f
DYN-92	m
DYN-93	f
DYN-94	f
DYN-95	m
DYN-96	m
DYN-97	f
DYN-98	m
DYN-99	f
DYN-100	m
DYN-101	f
DYN-102	m
DYN-103	m
DYN-104	f
DYN-105	f
DYN-106	m
DYN-107	m
DYN-108	f
DYN-109	f
DYN-110	m
DYN-111	f
DYN-112	f
DYN-113	m
DYN-114	f
DYN-115	m
DYN-116	f
DYN-117	m
DYN-118	f
DYN-119	m
DYN-120	m
DYN-121	f
DYN-122	m
DYN-123	m
DYN-124	f
DYN-125	m
DYN-126	f
DYN-127	f
DYN-128	m
DYN-129	f
DYN-130	m
DYN-131	f
DYN-132	m
DYN-133	f
DYN-134	m
DYN-135	f
DYN-136	m
DYN-137	m
DYN-138	f
DYN-139	f
DYN-140	m
DYN-141	m
DYN-142	f
DYN-143	m
DYN-144	f
DYN-145	m
DYN-146	f
DYN-147	m
DYN-148	f
DYN-149	m
DYN-150	f
DYN-151	f
DYN-152	m
DYN-153	f
DYN-154	f
DYN-155	m
DYN-156	m
DYN-157	f
DYN-158	m
DYN-159	m
DYN-160	f
DYN-161	m
DYN-162	f
DYN-163	f
DYN-164	m
DYN-165	m
DYN-166	f
DYN-167	m
DYN-168	f
DYN-169	m
DYN-170	f
DYN-171	m
DYN-172	f
DYN-173	m
DYN-174	f
DYN-175	f
DYN-176	m
DYN-177	f
DYN-178	m
DYN-179	f
DYN-180	m